old_path,new_path
nova_rescue.py,src/kiripto_nova/apps/nova_rescue.py
single_file_prototype.py,src/kiripto_nova/apps/single_file_prototype.py
strategic_ai_engine.py,src/kiripto_nova/strategies/strategic_ai_engine.py
.pytest_cache/__init__.py,src/kiripto_nova/apps/__init__.py
.venv311/__init__.py,src/kiripto_nova/apps/__init__.py
analysis/__init__.py,src/kiripto_nova/apps/__init__.py
bots/price_tracker.py,src/kiripto_nova/apps/price_tracker.py
bots/__init__.py,src/kiripto_nova/apps/__init__.py
logs/backtest_kamalquantx.py,src/kiripto_nova/backtesting/backtest_kamalquantx.py
logs/ultra_elite_engine_ai.py,src/kiripto_nova/core/ultra_elite_engine_ai.py
logs/__init__.py,src/kiripto_nova/apps/__init__.py
src/__init__.py,src/kiripto_nova/apps/__init__.py
tests/arbitrax_infinity_bot.py,src/kiripto_nova/apps/arbitrax_infinity_bot.py
tests/arbitrax_omega_bot.py,src/kiripto_nova/apps/arbitrax_omega_bot.py
tests/dosya_okuma.py,src/kiripto_nova/apps/dosya_okuma.py
tests/echo_core.py,src/kiripto_nova/core/echo_core.py
tests/fetch_ticker.py,src/kiripto_nova/apps/fetch_ticker.py
tests/genesis_infinity.py,src/kiripto_nova/apps/genesis_infinity.py
tests/genex_omega_bot.py,src/kiripto_nova/apps/genex_omega_bot.py
tests/genex_v_infinity.py,src/kiripto_nova/apps/genex_v_infinity.py
tests/genex_v_protocol.py,src/kiripto_nova/apps/genex_v_protocol.py
tests/log_system.py,src/kiripto_nova/apps/log_system.py
tests/nova_intelligence_sovereign_system.py,src/kiripto_nova/apps/nova_intelligence_sovereign_system.py
tests/nova_intelligence_sovereign_system_vX_total_activation.py,src/kiripto_nova/apps/nova_intelligence_sovereign_system_vX_total_activation.py
tests/nova_trader.py,src/kiripto_nova/apps/nova_trader.py
tests/nova_ultra_engine.py,src/kiripto_nova/core/nova_ultra_engine.py
tests/orakul_omega_engine.py,src/kiripto_nova/core/orakul_omega_engine.py
tests/price_tracker.py,src/kiripto_nova/apps/price_tracker.py
tests/quantum_fx_bot.py,src/kiripto_nova/apps/quantum_fx_bot.py
tests/testarena_x_bot.py,src/kiripto_nova/apps/testarena_x_bot.py
tests/test_aggregation.py,src/kiripto_nova/apps/test_aggregation.py
tests/test_algos.py,src/kiripto_nova/apps/test_algos.py
tests/test_ccxt.py,src/kiripto_nova/apps/test_ccxt.py
tests/test_common.py,src/kiripto_nova/apps/test_common.py
tests/test_downstream.py,src/kiripto_nova/apps/test_downstream.py
tests/test_errors.py,src/kiripto_nova/apps/test_errors.py
tests/test_expressions.py,src/kiripto_nova/apps/test_expressions.py
tests/test_flags.py,src/kiripto_nova/apps/test_flags.py
tests/test_multilevel.py,src/kiripto_nova/apps/test_multilevel.py
tests/test_nanops.py,src/kiripto_nova/apps/test_nanops.py
tests/test_optional_dependency.py,src/kiripto_nova/apps/test_optional_dependency.py
tests/test_position_manager.py,src/kiripto_nova/core/test_position_manager.py
tests/test_register_accessor.py,src/kiripto_nova/apps/test_register_accessor.py
tests/test_risk_and_filters.py,src/kiripto_nova/risk/test_risk_and_filters.py
tests/test_sorting.py,src/kiripto_nova/apps/test_sorting.py
tests/test_strategy_executor.py,src/kiripto_nova/strategies/test_strategy_executor.py
tests/test_take.py,src/kiripto_nova/apps/test_take.py
tests/ultra_elite_allinone_v3.py,src/kiripto_nova/apps/ultra_elite_allinone_v3.py
tests/ultra_elite_allinone_v4.py,src/kiripto_nova/apps/ultra_elite_allinone_v4.py
tests/ultra_elite_allinone_v5.py,src/kiripto_nova/apps/ultra_elite_allinone_v5.py
tests/ultra_elite_allinone_v6.py,src/kiripto_nova/apps/ultra_elite_allinone_v6.py
tests/ultra_elite_allinone_v7.py,src/kiripto_nova/apps/ultra_elite_allinone_v7.py
tests/ultra_elite_allinone_v8.py,src/kiripto_nova/apps/ultra_elite_allinone_v8.py
tests/ultra_elite_echo_multiverse_ai_pro_v2.py,src/kiripto_nova/apps/ultra_elite_echo_multiverse_ai_pro_v2.py
tests/__init__.py,src/kiripto_nova/apps/__init__.py
your_project/run_all_tests.py,src/kiripto_nova/apps/run_all_tests.py
your_project/__init__.py,src/kiripto_nova/apps/__init__.py
tools/backup/nova_rescue_core_copy.py,src/kiripto_nova/core/nova_rescue_core_copy.py
tools/backup/nova_rescue_pkg_copy.py,src/kiripto_nova/apps/nova_rescue_pkg_copy.py
tests/api/test_api.py,src/kiripto_nova/apps/test_api.py
tests/api/test_types.py,src/kiripto_nova/apps/test_types.py
tests/api/__init__.py,src/kiripto_nova/apps/__init__.py
tests/apply/common.py,src/kiripto_nova/apps/common.py
tests/apply/test_frame_apply.py,src/kiripto_nova/apps/test_frame_apply.py
tests/apply/test_frame_apply_relabeling.py,src/kiripto_nova/apps/test_frame_apply_relabeling.py
tests/apply/test_frame_transform.py,src/kiripto_nova/apps/test_frame_transform.py
tests/apply/test_invalid_arg.py,src/kiripto_nova/apps/test_invalid_arg.py
tests/apply/test_numba.py,src/kiripto_nova/apps/test_numba.py
tests/apply/test_series_apply.py,src/kiripto_nova/apps/test_series_apply.py
tests/apply/test_series_apply_relabeling.py,src/kiripto_nova/apps/test_series_apply_relabeling.py
tests/apply/test_series_transform.py,src/kiripto_nova/apps/test_series_transform.py
tests/apply/test_str.py,src/kiripto_nova/apps/test_str.py
tests/apply/__init__.py,src/kiripto_nova/apps/__init__.py
tests/arithmetic/common.py,src/kiripto_nova/apps/common.py
tests/arithmetic/conftest.py,src/kiripto_nova/apps/conftest.py
tests/arithmetic/test_array_ops.py,src/kiripto_nova/apps/test_array_ops.py
tests/arithmetic/test_categorical.py,src/kiripto_nova/apps/test_categorical.py
tests/arithmetic/test_datetime64.py,src/kiripto_nova/apps/test_datetime64.py
tests/arithmetic/test_interval.py,src/kiripto_nova/apps/test_interval.py
tests/arithmetic/test_numeric.py,src/kiripto_nova/apps/test_numeric.py
tests/arithmetic/test_object.py,src/kiripto_nova/apps/test_object.py
tests/arithmetic/test_period.py,src/kiripto_nova/apps/test_period.py
tests/arithmetic/test_timedelta64.py,src/kiripto_nova/apps/test_timedelta64.py
tests/arithmetic/__init__.py,src/kiripto_nova/apps/__init__.py
tests/config/modul_listeleyici.py,src/kiripto_nova/core/modul_listeleyici.py
tests/config/rearrange_v2.py,src/kiripto_nova/core/rearrange_v2.py
tests/config/settings.py,src/kiripto_nova/core/settings.py
tests/config/.gitignore/__init__.py,src/kiripto_nova/core/__init__.py
tests/config/engine/quantumnova_ultra.py,src/kiripto_nova/core/quantumnova_ultra.py
strategic_ai_engine.py/rust_indicators/bias_gate.py,src/kiripto_nova/apps/bias_gate.py
.venv311/Include/__init__.py,src/kiripto_nova/apps/__init__.py
.venv311/Lib/__init__.py,src/kiripto_nova/apps/__init__.py
.venv311/Scripts/__init__.py,src/kiripto_nova/apps/__init__.py
.venv311/Lib/site-packages/__init__.py,src/kiripto_nova/apps/__init__.py
.venv311/Lib/site-packages/pip/__init__.py,src/kiripto_nova/apps/__init__.py
.venv311/Lib/site-packages/pip/__main__.py,src/kiripto_nova/apps/__main__.py
.venv311/Lib/site-packages/pip/__pip-runner__.py,src/kiripto_nova/apps/__pip-runner__.py
.venv311/Lib/site-packages/pip-24.0.dist-info/__init__.py,src/kiripto_nova/apps/__init__.py
.venv311/Lib/site-packages/pkg_resources/__init__.py,src/kiripto_nova/apps/__init__.py
.venv311/Lib/site-packages/setuptools/archive_util.py,src/kiripto_nova/apps/archive_util.py
.venv311/Lib/site-packages/setuptools/build_meta.py,src/kiripto_nova/apps/build_meta.py
.venv311/Lib/site-packages/setuptools/depends.py,src/kiripto_nova/apps/depends.py
.venv311/Lib/site-packages/setuptools/dep_util.py,src/kiripto_nova/apps/dep_util.py
.venv311/Lib/site-packages/setuptools/discovery.py,src/kiripto_nova/apps/discovery.py
.venv311/Lib/site-packages/setuptools/dist.py,src/kiripto_nova/apps/dist.py
.venv311/Lib/site-packages/setuptools/errors.py,src/kiripto_nova/apps/errors.py
.venv311/Lib/site-packages/setuptools/extension.py,src/kiripto_nova/apps/extension.py
.venv311/Lib/site-packages/setuptools/glob.py,src/kiripto_nova/apps/glob.py
.venv311/Lib/site-packages/setuptools/installer.py,src/kiripto_nova/apps/installer.py
.venv311/Lib/site-packages/setuptools/launch.py,src/kiripto_nova/apps/launch.py
.venv311/Lib/site-packages/setuptools/logging.py,src/kiripto_nova/apps/logging.py
.venv311/Lib/site-packages/setuptools/monkey.py,src/kiripto_nova/apps/monkey.py
.venv311/Lib/site-packages/setuptools/msvc.py,src/kiripto_nova/apps/msvc.py
.venv311/Lib/site-packages/setuptools/namespaces.py,src/kiripto_nova/apps/namespaces.py
.venv311/Lib/site-packages/setuptools/package_index.py,src/kiripto_nova/apps/package_index.py
.venv311/Lib/site-packages/setuptools/py34compat.py,src/kiripto_nova/apps/py34compat.py
.venv311/Lib/site-packages/setuptools/sandbox.py,src/kiripto_nova/apps/sandbox.py
.venv311/Lib/site-packages/setuptools/unicode_utils.py,src/kiripto_nova/apps/unicode_utils.py
.venv311/Lib/site-packages/setuptools/version.py,src/kiripto_nova/indicators/version.py
.venv311/Lib/site-packages/setuptools/wheel.py,src/kiripto_nova/apps/wheel.py
.venv311/Lib/site-packages/setuptools/windows_support.py,src/kiripto_nova/apps/windows_support.py
.venv311/Lib/site-packages/setuptools/_deprecation_warning.py,src/kiripto_nova/apps/_deprecation_warning.py
.venv311/Lib/site-packages/setuptools/_entry_points.py,src/kiripto_nova/apps/_entry_points.py
.venv311/Lib/site-packages/setuptools/_imp.py,src/kiripto_nova/apps/_imp.py
.venv311/Lib/site-packages/setuptools/_importlib.py,src/kiripto_nova/apps/_importlib.py
.venv311/Lib/site-packages/setuptools/_itertools.py,src/kiripto_nova/apps/_itertools.py
.venv311/Lib/site-packages/setuptools/_path.py,src/kiripto_nova/apps/_path.py
.venv311/Lib/site-packages/setuptools/_reqs.py,src/kiripto_nova/apps/_reqs.py
.venv311/Lib/site-packages/setuptools/__init__.py,src/kiripto_nova/apps/__init__.py
.venv311/Lib/site-packages/setuptools-65.5.0.dist-info/__init__.py,src/kiripto_nova/apps/__init__.py
.venv311/Lib/site-packages/_distutils_hack/override.py,src/kiripto_nova/apps/override.py
.venv311/Lib/site-packages/_distutils_hack/__init__.py,src/kiripto_nova/apps/__init__.py
.venv311/Lib/site-packages/setuptools/command/alias.py,src/kiripto_nova/apps/alias.py
.venv311/Lib/site-packages/setuptools/command/bdist_egg.py,src/kiripto_nova/apps/bdist_egg.py
.venv311/Lib/site-packages/setuptools/command/bdist_rpm.py,src/kiripto_nova/apps/bdist_rpm.py
.venv311/Lib/site-packages/setuptools/command/build.py,src/kiripto_nova/apps/build.py
.venv311/Lib/site-packages/setuptools/command/build_clib.py,src/kiripto_nova/apps/build_clib.py
.venv311/Lib/site-packages/setuptools/command/build_ext.py,src/kiripto_nova/apps/build_ext.py
.venv311/Lib/site-packages/setuptools/command/build_py.py,src/kiripto_nova/apps/build_py.py
.venv311/Lib/site-packages/setuptools/command/develop.py,src/kiripto_nova/apps/develop.py
.venv311/Lib/site-packages/setuptools/command/dist_info.py,src/kiripto_nova/apps/dist_info.py
.venv311/Lib/site-packages/setuptools/command/easy_install.py,src/kiripto_nova/apps/easy_install.py
.venv311/Lib/site-packages/setuptools/command/editable_wheel.py,src/kiripto_nova/apps/editable_wheel.py
.venv311/Lib/site-packages/setuptools/command/egg_info.py,src/kiripto_nova/apps/egg_info.py
.venv311/Lib/site-packages/setuptools/command/install.py,src/kiripto_nova/apps/install.py
.venv311/Lib/site-packages/setuptools/command/install_egg_info.py,src/kiripto_nova/apps/install_egg_info.py
.venv311/Lib/site-packages/setuptools/command/install_lib.py,src/kiripto_nova/apps/install_lib.py
.venv311/Lib/site-packages/setuptools/command/install_scripts.py,src/kiripto_nova/apps/install_scripts.py
.venv311/Lib/site-packages/setuptools/command/py36compat.py,src/kiripto_nova/apps/py36compat.py
.venv311/Lib/site-packages/setuptools/command/register.py,src/kiripto_nova/apps/register.py
.venv311/Lib/site-packages/setuptools/command/rotate.py,src/kiripto_nova/apps/rotate.py
.venv311/Lib/site-packages/setuptools/command/saveopts.py,src/kiripto_nova/apps/saveopts.py
.venv311/Lib/site-packages/setuptools/command/sdist.py,src/kiripto_nova/apps/sdist.py
.venv311/Lib/site-packages/setuptools/command/setopt.py,src/kiripto_nova/apps/setopt.py
.venv311/Lib/site-packages/setuptools/command/test.py,src/kiripto_nova/apps/test.py
.venv311/Lib/site-packages/setuptools/command/upload.py,src/kiripto_nova/apps/upload.py
.venv311/Lib/site-packages/setuptools/command/upload_docs.py,src/kiripto_nova/apps/upload_docs.py
.venv311/Lib/site-packages/setuptools/command/__init__.py,src/kiripto_nova/apps/__init__.py
.venv311/Lib/site-packages/setuptools/config/expand.py,src/kiripto_nova/core/expand.py
.venv311/Lib/site-packages/setuptools/config/pyprojecttoml.py,src/kiripto_nova/core/pyprojecttoml.py
.venv311/Lib/site-packages/setuptools/config/setupcfg.py,src/kiripto_nova/core/setupcfg.py
.venv311/Lib/site-packages/setuptools/config/_apply_pyprojecttoml.py,src/kiripto_nova/apps/_apply_pyprojecttoml.py
.venv311/Lib/site-packages/setuptools/config/__init__.py,src/kiripto_nova/core/__init__.py
.venv311/Lib/site-packages/setuptools/extern/__init__.py,src/kiripto_nova/apps/__init__.py
.venv311/Lib/site-packages/setuptools/_distutils/archive_util.py,src/kiripto_nova/apps/archive_util.py
.venv311/Lib/site-packages/setuptools/_distutils/bcppcompiler.py,src/kiripto_nova/apps/bcppcompiler.py
.venv311/Lib/site-packages/setuptools/_distutils/ccompiler.py,src/kiripto_nova/apps/ccompiler.py
.venv311/Lib/site-packages/setuptools/_distutils/cmd.py,src/kiripto_nova/apps/cmd.py
.venv311/Lib/site-packages/setuptools/_distutils/config.py,src/kiripto_nova/core/config.py
.venv311/Lib/site-packages/setuptools/_distutils/core.py,src/kiripto_nova/core/core.py
.venv311/Lib/site-packages/setuptools/_distutils/cygwinccompiler.py,src/kiripto_nova/apps/cygwinccompiler.py
.venv311/Lib/site-packages/setuptools/_distutils/debug.py,src/kiripto_nova/apps/debug.py
.venv311/Lib/site-packages/setuptools/_distutils/dep_util.py,src/kiripto_nova/apps/dep_util.py
.venv311/Lib/site-packages/setuptools/_distutils/dir_util.py,src/kiripto_nova/apps/dir_util.py
.venv311/Lib/site-packages/setuptools/_distutils/dist.py,src/kiripto_nova/apps/dist.py
.venv311/Lib/site-packages/setuptools/_distutils/errors.py,src/kiripto_nova/apps/errors.py
.venv311/Lib/site-packages/setuptools/_distutils/extension.py,src/kiripto_nova/apps/extension.py
.venv311/Lib/site-packages/setuptools/_distutils/fancy_getopt.py,src/kiripto_nova/apps/fancy_getopt.py
.venv311/Lib/site-packages/setuptools/_distutils/filelist.py,src/kiripto_nova/apps/filelist.py
.venv311/Lib/site-packages/setuptools/_distutils/file_util.py,src/kiripto_nova/apps/file_util.py
.venv311/Lib/site-packages/setuptools/_distutils/log.py,src/kiripto_nova/apps/log.py
.venv311/Lib/site-packages/setuptools/_distutils/msvc9compiler.py,src/kiripto_nova/apps/msvc9compiler.py
.venv311/Lib/site-packages/setuptools/_distutils/msvccompiler.py,src/kiripto_nova/apps/msvccompiler.py
.venv311/Lib/site-packages/setuptools/_distutils/py38compat.py,src/kiripto_nova/apps/py38compat.py
.venv311/Lib/site-packages/setuptools/_distutils/py39compat.py,src/kiripto_nova/apps/py39compat.py
.venv311/Lib/site-packages/setuptools/_distutils/spawn.py,src/kiripto_nova/apps/spawn.py
.venv311/Lib/site-packages/setuptools/_distutils/sysconfig.py,src/kiripto_nova/core/sysconfig.py
.venv311/Lib/site-packages/setuptools/_distutils/text_file.py,src/kiripto_nova/apps/text_file.py
.venv311/Lib/site-packages/setuptools/_distutils/unixccompiler.py,src/kiripto_nova/apps/unixccompiler.py
.venv311/Lib/site-packages/setuptools/_distutils/util.py,src/kiripto_nova/apps/util.py
.venv311/Lib/site-packages/setuptools/_distutils/version.py,src/kiripto_nova/indicators/version.py
.venv311/Lib/site-packages/setuptools/_distutils/versionpredicate.py,src/kiripto_nova/indicators/versionpredicate.py
.venv311/Lib/site-packages/setuptools/_distutils/_collections.py,src/kiripto_nova/apps/_collections.py
.venv311/Lib/site-packages/setuptools/_distutils/_functools.py,src/kiripto_nova/apps/_functools.py
.venv311/Lib/site-packages/setuptools/_distutils/_macos_compat.py,src/kiripto_nova/apps/_macos_compat.py
.venv311/Lib/site-packages/setuptools/_distutils/_msvccompiler.py,src/kiripto_nova/apps/_msvccompiler.py
.venv311/Lib/site-packages/setuptools/_distutils/__init__.py,src/kiripto_nova/apps/__init__.py
.venv311/Lib/site-packages/setuptools/_vendor/ordered_set.py,src/kiripto_nova/apps/ordered_set.py
.venv311/Lib/site-packages/setuptools/_vendor/typing_extensions.py,src/kiripto_nova/apps/typing_extensions.py
.venv311/Lib/site-packages/setuptools/_vendor/zipp.py,src/kiripto_nova/apps/zipp.py
.venv311/Lib/site-packages/setuptools/_vendor/__init__.py,src/kiripto_nova/apps/__init__.py
.venv311/Lib/site-packages/setuptools/_vendor/importlib_metadata/_adapters.py,src/kiripto_nova/data/_adapters.py
.venv311/Lib/site-packages/setuptools/_vendor/importlib_metadata/_collections.py,src/kiripto_nova/data/_collections.py
.venv311/Lib/site-packages/setuptools/_vendor/importlib_metadata/_compat.py,src/kiripto_nova/data/_compat.py
.venv311/Lib/site-packages/setuptools/_vendor/importlib_metadata/_functools.py,src/kiripto_nova/data/_functools.py
.venv311/Lib/site-packages/setuptools/_vendor/importlib_metadata/_itertools.py,src/kiripto_nova/data/_itertools.py
.venv311/Lib/site-packages/setuptools/_vendor/importlib_metadata/_meta.py,src/kiripto_nova/data/_meta.py
.venv311/Lib/site-packages/setuptools/_vendor/importlib_metadata/_text.py,src/kiripto_nova/data/_text.py
.venv311/Lib/site-packages/setuptools/_vendor/importlib_metadata/__init__.py,src/kiripto_nova/data/__init__.py
.venv311/Lib/site-packages/setuptools/_vendor/importlib_resources/abc.py,src/kiripto_nova/apps/abc.py
.venv311/Lib/site-packages/setuptools/_vendor/importlib_resources/readers.py,src/kiripto_nova/apps/readers.py
.venv311/Lib/site-packages/setuptools/_vendor/importlib_resources/simple.py,src/kiripto_nova/apps/simple.py
.venv311/Lib/site-packages/setuptools/_vendor/importlib_resources/_adapters.py,src/kiripto_nova/apps/_adapters.py
.venv311/Lib/site-packages/setuptools/_vendor/importlib_resources/_common.py,src/kiripto_nova/apps/_common.py
.venv311/Lib/site-packages/setuptools/_vendor/importlib_resources/_compat.py,src/kiripto_nova/apps/_compat.py
.venv311/Lib/site-packages/setuptools/_vendor/importlib_resources/_itertools.py,src/kiripto_nova/apps/_itertools.py
.venv311/Lib/site-packages/setuptools/_vendor/importlib_resources/_legacy.py,src/kiripto_nova/apps/_legacy.py
.venv311/Lib/site-packages/setuptools/_vendor/importlib_resources/__init__.py,src/kiripto_nova/apps/__init__.py
.venv311/Lib/site-packages/setuptools/_vendor/jaraco/context.py,src/kiripto_nova/apps/context.py
.venv311/Lib/site-packages/setuptools/_vendor/jaraco/functools.py,src/kiripto_nova/apps/functools.py
.venv311/Lib/site-packages/setuptools/_vendor/jaraco/__init__.py,src/kiripto_nova/apps/__init__.py
.venv311/Lib/site-packages/setuptools/_vendor/more_itertools/more.py,src/kiripto_nova/apps/more.py
.venv311/Lib/site-packages/setuptools/_vendor/more_itertools/recipes.py,src/kiripto_nova/apps/recipes.py
.venv311/Lib/site-packages/setuptools/_vendor/more_itertools/__init__.py,src/kiripto_nova/apps/__init__.py
.venv311/Lib/site-packages/setuptools/_vendor/packaging/markers.py,src/kiripto_nova/apps/markers.py
.venv311/Lib/site-packages/setuptools/_vendor/packaging/requirements.py,src/kiripto_nova/apps/requirements.py
.venv311/Lib/site-packages/setuptools/_vendor/packaging/specifiers.py,src/kiripto_nova/apps/specifiers.py
.venv311/Lib/site-packages/setuptools/_vendor/packaging/tags.py,src/kiripto_nova/apps/tags.py
.venv311/Lib/site-packages/setuptools/_vendor/packaging/utils.py,src/kiripto_nova/apps/utils.py
.venv311/Lib/site-packages/setuptools/_vendor/packaging/version.py,src/kiripto_nova/indicators/version.py
.venv311/Lib/site-packages/setuptools/_vendor/packaging/_manylinux.py,src/kiripto_nova/apps/_manylinux.py
.venv311/Lib/site-packages/setuptools/_vendor/packaging/_musllinux.py,src/kiripto_nova/apps/_musllinux.py
.venv311/Lib/site-packages/setuptools/_vendor/packaging/_structures.py,src/kiripto_nova/apps/_structures.py
.venv311/Lib/site-packages/setuptools/_vendor/packaging/__about__.py,src/kiripto_nova/apps/__about__.py
.venv311/Lib/site-packages/setuptools/_vendor/packaging/__init__.py,src/kiripto_nova/apps/__init__.py
.venv311/Lib/site-packages/setuptools/_vendor/pyparsing/actions.py,src/kiripto_nova/indicators/actions.py
.venv311/Lib/site-packages/setuptools/_vendor/pyparsing/common.py,src/kiripto_nova/indicators/common.py
.venv311/Lib/site-packages/setuptools/_vendor/pyparsing/core.py,src/kiripto_nova/core/core.py
.venv311/Lib/site-packages/setuptools/_vendor/pyparsing/exceptions.py,src/kiripto_nova/indicators/exceptions.py
.venv311/Lib/site-packages/setuptools/_vendor/pyparsing/helpers.py,src/kiripto_nova/indicators/helpers.py
.venv311/Lib/site-packages/setuptools/_vendor/pyparsing/results.py,src/kiripto_nova/indicators/results.py
.venv311/Lib/site-packages/setuptools/_vendor/pyparsing/testing.py,src/kiripto_nova/indicators/testing.py
.venv311/Lib/site-packages/setuptools/_vendor/pyparsing/unicode.py,src/kiripto_nova/indicators/unicode.py
.venv311/Lib/site-packages/setuptools/_vendor/pyparsing/util.py,src/kiripto_nova/indicators/util.py
.venv311/Lib/site-packages/setuptools/_vendor/pyparsing/__init__.py,src/kiripto_nova/indicators/__init__.py
.venv311/Lib/site-packages/setuptools/_vendor/tomli/_parser.py,src/kiripto_nova/apps/_parser.py
.venv311/Lib/site-packages/setuptools/_vendor/tomli/_re.py,src/kiripto_nova/apps/_re.py
.venv311/Lib/site-packages/setuptools/_vendor/tomli/_types.py,src/kiripto_nova/apps/_types.py
.venv311/Lib/site-packages/setuptools/_vendor/tomli/__init__.py,src/kiripto_nova/apps/__init__.py
.venv311/Lib/site-packages/setuptools/_vendor/pyparsing/diagram/__init__.py,src/kiripto_nova/indicators/__init__.py
.venv311/Lib/site-packages/setuptools/_vendor/jaraco/text/__init__.py,src/kiripto_nova/apps/__init__.py
.venv311/Lib/site-packages/setuptools/_distutils/command/bdist.py,src/kiripto_nova/apps/bdist.py
.venv311/Lib/site-packages/setuptools/_distutils/command/bdist_dumb.py,src/kiripto_nova/apps/bdist_dumb.py
.venv311/Lib/site-packages/setuptools/_distutils/command/bdist_rpm.py,src/kiripto_nova/apps/bdist_rpm.py
.venv311/Lib/site-packages/setuptools/_distutils/command/build.py,src/kiripto_nova/apps/build.py
.venv311/Lib/site-packages/setuptools/_distutils/command/build_clib.py,src/kiripto_nova/apps/build_clib.py
.venv311/Lib/site-packages/setuptools/_distutils/command/build_ext.py,src/kiripto_nova/apps/build_ext.py
.venv311/Lib/site-packages/setuptools/_distutils/command/build_py.py,src/kiripto_nova/apps/build_py.py
.venv311/Lib/site-packages/setuptools/_distutils/command/build_scripts.py,src/kiripto_nova/apps/build_scripts.py
.venv311/Lib/site-packages/setuptools/_distutils/command/check.py,src/kiripto_nova/apps/check.py
.venv311/Lib/site-packages/setuptools/_distutils/command/clean.py,src/kiripto_nova/apps/clean.py
.venv311/Lib/site-packages/setuptools/_distutils/command/config.py,src/kiripto_nova/core/config.py
.venv311/Lib/site-packages/setuptools/_distutils/command/install.py,src/kiripto_nova/apps/install.py
.venv311/Lib/site-packages/setuptools/_distutils/command/install_data.py,src/kiripto_nova/data/install_data.py
.venv311/Lib/site-packages/setuptools/_distutils/command/install_egg_info.py,src/kiripto_nova/apps/install_egg_info.py
.venv311/Lib/site-packages/setuptools/_distutils/command/install_headers.py,src/kiripto_nova/apps/install_headers.py
.venv311/Lib/site-packages/setuptools/_distutils/command/install_lib.py,src/kiripto_nova/apps/install_lib.py
.venv311/Lib/site-packages/setuptools/_distutils/command/install_scripts.py,src/kiripto_nova/apps/install_scripts.py
.venv311/Lib/site-packages/setuptools/_distutils/command/py37compat.py,src/kiripto_nova/apps/py37compat.py
.venv311/Lib/site-packages/setuptools/_distutils/command/register.py,src/kiripto_nova/apps/register.py
.venv311/Lib/site-packages/setuptools/_distutils/command/sdist.py,src/kiripto_nova/apps/sdist.py
.venv311/Lib/site-packages/setuptools/_distutils/command/upload.py,src/kiripto_nova/apps/upload.py
.venv311/Lib/site-packages/setuptools/_distutils/command/_framework_compat.py,src/kiripto_nova/apps/_framework_compat.py
.venv311/Lib/site-packages/setuptools/_distutils/command/__init__.py,src/kiripto_nova/apps/__init__.py
.venv311/Lib/site-packages/setuptools/config/_validate_pyproject/error_reporting.py,src/kiripto_nova/apps/error_reporting.py
.venv311/Lib/site-packages/setuptools/config/_validate_pyproject/extra_validations.py,src/kiripto_nova/core/extra_validations.py
.venv311/Lib/site-packages/setuptools/config/_validate_pyproject/fastjsonschema_exceptions.py,src/kiripto_nova/core/fastjsonschema_exceptions.py
.venv311/Lib/site-packages/setuptools/config/_validate_pyproject/fastjsonschema_validations.py,src/kiripto_nova/core/fastjsonschema_validations.py
.venv311/Lib/site-packages/setuptools/config/_validate_pyproject/formats.py,src/kiripto_nova/core/formats.py
.venv311/Lib/site-packages/setuptools/config/_validate_pyproject/__init__.py,src/kiripto_nova/core/__init__.py
.venv311/Lib/site-packages/pkg_resources/extern/__init__.py,src/kiripto_nova/apps/__init__.py
.venv311/Lib/site-packages/pkg_resources/_vendor/appdirs.py,src/kiripto_nova/apps/appdirs.py
.venv311/Lib/site-packages/pkg_resources/_vendor/zipp.py,src/kiripto_nova/apps/zipp.py
.venv311/Lib/site-packages/pkg_resources/_vendor/__init__.py,src/kiripto_nova/apps/__init__.py
.venv311/Lib/site-packages/pkg_resources/_vendor/importlib_resources/abc.py,src/kiripto_nova/apps/abc.py
.venv311/Lib/site-packages/pkg_resources/_vendor/importlib_resources/readers.py,src/kiripto_nova/apps/readers.py
.venv311/Lib/site-packages/pkg_resources/_vendor/importlib_resources/simple.py,src/kiripto_nova/apps/simple.py
.venv311/Lib/site-packages/pkg_resources/_vendor/importlib_resources/_adapters.py,src/kiripto_nova/apps/_adapters.py
.venv311/Lib/site-packages/pkg_resources/_vendor/importlib_resources/_common.py,src/kiripto_nova/apps/_common.py
.venv311/Lib/site-packages/pkg_resources/_vendor/importlib_resources/_compat.py,src/kiripto_nova/apps/_compat.py
.venv311/Lib/site-packages/pkg_resources/_vendor/importlib_resources/_itertools.py,src/kiripto_nova/apps/_itertools.py
.venv311/Lib/site-packages/pkg_resources/_vendor/importlib_resources/_legacy.py,src/kiripto_nova/apps/_legacy.py
.venv311/Lib/site-packages/pkg_resources/_vendor/importlib_resources/__init__.py,src/kiripto_nova/apps/__init__.py
.venv311/Lib/site-packages/pkg_resources/_vendor/jaraco/context.py,src/kiripto_nova/apps/context.py
.venv311/Lib/site-packages/pkg_resources/_vendor/jaraco/functools.py,src/kiripto_nova/apps/functools.py
.venv311/Lib/site-packages/pkg_resources/_vendor/jaraco/__init__.py,src/kiripto_nova/apps/__init__.py
.venv311/Lib/site-packages/pkg_resources/_vendor/more_itertools/more.py,src/kiripto_nova/apps/more.py
.venv311/Lib/site-packages/pkg_resources/_vendor/more_itertools/recipes.py,src/kiripto_nova/apps/recipes.py
.venv311/Lib/site-packages/pkg_resources/_vendor/more_itertools/__init__.py,src/kiripto_nova/apps/__init__.py
.venv311/Lib/site-packages/pkg_resources/_vendor/packaging/markers.py,src/kiripto_nova/apps/markers.py
.venv311/Lib/site-packages/pkg_resources/_vendor/packaging/requirements.py,src/kiripto_nova/apps/requirements.py
.venv311/Lib/site-packages/pkg_resources/_vendor/packaging/specifiers.py,src/kiripto_nova/apps/specifiers.py
.venv311/Lib/site-packages/pkg_resources/_vendor/packaging/tags.py,src/kiripto_nova/apps/tags.py
.venv311/Lib/site-packages/pkg_resources/_vendor/packaging/utils.py,src/kiripto_nova/apps/utils.py
.venv311/Lib/site-packages/pkg_resources/_vendor/packaging/version.py,src/kiripto_nova/indicators/version.py
.venv311/Lib/site-packages/pkg_resources/_vendor/packaging/_manylinux.py,src/kiripto_nova/apps/_manylinux.py
.venv311/Lib/site-packages/pkg_resources/_vendor/packaging/_musllinux.py,src/kiripto_nova/apps/_musllinux.py
.venv311/Lib/site-packages/pkg_resources/_vendor/packaging/_structures.py,src/kiripto_nova/apps/_structures.py
.venv311/Lib/site-packages/pkg_resources/_vendor/packaging/__about__.py,src/kiripto_nova/apps/__about__.py
.venv311/Lib/site-packages/pkg_resources/_vendor/packaging/__init__.py,src/kiripto_nova/apps/__init__.py
.venv311/Lib/site-packages/pkg_resources/_vendor/pyparsing/actions.py,src/kiripto_nova/indicators/actions.py
.venv311/Lib/site-packages/pkg_resources/_vendor/pyparsing/common.py,src/kiripto_nova/indicators/common.py
.venv311/Lib/site-packages/pkg_resources/_vendor/pyparsing/core.py,src/kiripto_nova/core/core.py
.venv311/Lib/site-packages/pkg_resources/_vendor/pyparsing/exceptions.py,src/kiripto_nova/indicators/exceptions.py
.venv311/Lib/site-packages/pkg_resources/_vendor/pyparsing/helpers.py,src/kiripto_nova/indicators/helpers.py
.venv311/Lib/site-packages/pkg_resources/_vendor/pyparsing/results.py,src/kiripto_nova/indicators/results.py
.venv311/Lib/site-packages/pkg_resources/_vendor/pyparsing/testing.py,src/kiripto_nova/indicators/testing.py
.venv311/Lib/site-packages/pkg_resources/_vendor/pyparsing/unicode.py,src/kiripto_nova/indicators/unicode.py
.venv311/Lib/site-packages/pkg_resources/_vendor/pyparsing/util.py,src/kiripto_nova/indicators/util.py
.venv311/Lib/site-packages/pkg_resources/_vendor/pyparsing/__init__.py,src/kiripto_nova/indicators/__init__.py
.venv311/Lib/site-packages/pkg_resources/_vendor/pyparsing/diagram/__init__.py,src/kiripto_nova/indicators/__init__.py
.venv311/Lib/site-packages/pkg_resources/_vendor/jaraco/text/__init__.py,src/kiripto_nova/apps/__init__.py
.venv311/Lib/site-packages/pip/_internal/build_env.py,src/kiripto_nova/apps/build_env.py
.venv311/Lib/site-packages/pip/_internal/cache.py,src/kiripto_nova/apps/cache.py
.venv311/Lib/site-packages/pip/_internal/configuration.py,src/kiripto_nova/core/configuration.py
.venv311/Lib/site-packages/pip/_internal/exceptions.py,src/kiripto_nova/apps/exceptions.py
.venv311/Lib/site-packages/pip/_internal/main.py,src/kiripto_nova/apps/main.py
.venv311/Lib/site-packages/pip/_internal/pyproject.py,src/kiripto_nova/apps/pyproject.py
.venv311/Lib/site-packages/pip/_internal/self_outdated_check.py,src/kiripto_nova/apps/self_outdated_check.py
.venv311/Lib/site-packages/pip/_internal/wheel_builder.py,src/kiripto_nova/apps/wheel_builder.py
.venv311/Lib/site-packages/pip/_internal/__init__.py,src/kiripto_nova/apps/__init__.py
.venv311/Lib/site-packages/pip/_vendor/six.py,src/kiripto_nova/apps/six.py
.venv311/Lib/site-packages/pip/_vendor/typing_extensions.py,src/kiripto_nova/apps/typing_extensions.py
.venv311/Lib/site-packages/pip/_vendor/__init__.py,src/kiripto_nova/apps/__init__.py
.venv311/Lib/site-packages/pip/_vendor/cachecontrol/adapter.py,src/kiripto_nova/apps/adapter.py
.venv311/Lib/site-packages/pip/_vendor/cachecontrol/cache.py,src/kiripto_nova/apps/cache.py
.venv311/Lib/site-packages/pip/_vendor/cachecontrol/controller.py,src/kiripto_nova/apps/controller.py
.venv311/Lib/site-packages/pip/_vendor/cachecontrol/filewrapper.py,src/kiripto_nova/apps/filewrapper.py
.venv311/Lib/site-packages/pip/_vendor/cachecontrol/heuristics.py,src/kiripto_nova/apps/heuristics.py
.venv311/Lib/site-packages/pip/_vendor/cachecontrol/serialize.py,src/kiripto_nova/apps/serialize.py
.venv311/Lib/site-packages/pip/_vendor/cachecontrol/wrapper.py,src/kiripto_nova/apps/wrapper.py
.venv311/Lib/site-packages/pip/_vendor/cachecontrol/_cmd.py,src/kiripto_nova/apps/_cmd.py
.venv311/Lib/site-packages/pip/_vendor/cachecontrol/__init__.py,src/kiripto_nova/apps/__init__.py
.venv311/Lib/site-packages/pip/_vendor/certifi/core.py,src/kiripto_nova/core/core.py
.venv311/Lib/site-packages/pip/_vendor/certifi/__init__.py,src/kiripto_nova/apps/__init__.py
.venv311/Lib/site-packages/pip/_vendor/certifi/__main__.py,src/kiripto_nova/apps/__main__.py
.venv311/Lib/site-packages/pip/_vendor/chardet/big5freq.py,src/kiripto_nova/apps/big5freq.py
.venv311/Lib/site-packages/pip/_vendor/chardet/big5prober.py,src/kiripto_nova/apps/big5prober.py
.venv311/Lib/site-packages/pip/_vendor/chardet/chardistribution.py,src/kiripto_nova/apps/chardistribution.py
.venv311/Lib/site-packages/pip/_vendor/chardet/charsetgroupprober.py,src/kiripto_nova/apps/charsetgroupprober.py
.venv311/Lib/site-packages/pip/_vendor/chardet/charsetprober.py,src/kiripto_nova/apps/charsetprober.py
.venv311/Lib/site-packages/pip/_vendor/chardet/codingstatemachine.py,src/kiripto_nova/indicators/codingstatemachine.py
.venv311/Lib/site-packages/pip/_vendor/chardet/codingstatemachinedict.py,src/kiripto_nova/indicators/codingstatemachinedict.py
.venv311/Lib/site-packages/pip/_vendor/chardet/cp949prober.py,src/kiripto_nova/apps/cp949prober.py
.venv311/Lib/site-packages/pip/_vendor/chardet/enums.py,src/kiripto_nova/apps/enums.py
.venv311/Lib/site-packages/pip/_vendor/chardet/escprober.py,src/kiripto_nova/apps/escprober.py
.venv311/Lib/site-packages/pip/_vendor/chardet/escsm.py,src/kiripto_nova/apps/escsm.py
.venv311/Lib/site-packages/pip/_vendor/chardet/eucjpprober.py,src/kiripto_nova/apps/eucjpprober.py
.venv311/Lib/site-packages/pip/_vendor/chardet/euckrfreq.py,src/kiripto_nova/apps/euckrfreq.py
.venv311/Lib/site-packages/pip/_vendor/chardet/euckrprober.py,src/kiripto_nova/apps/euckrprober.py
.venv311/Lib/site-packages/pip/_vendor/chardet/euctwfreq.py,src/kiripto_nova/apps/euctwfreq.py
.venv311/Lib/site-packages/pip/_vendor/chardet/euctwprober.py,src/kiripto_nova/apps/euctwprober.py
.venv311/Lib/site-packages/pip/_vendor/chardet/gb2312freq.py,src/kiripto_nova/apps/gb2312freq.py
.venv311/Lib/site-packages/pip/_vendor/chardet/gb2312prober.py,src/kiripto_nova/apps/gb2312prober.py
.venv311/Lib/site-packages/pip/_vendor/chardet/hebrewprober.py,src/kiripto_nova/apps/hebrewprober.py
.venv311/Lib/site-packages/pip/_vendor/chardet/jisfreq.py,src/kiripto_nova/apps/jisfreq.py
.venv311/Lib/site-packages/pip/_vendor/chardet/johabfreq.py,src/kiripto_nova/apps/johabfreq.py
.venv311/Lib/site-packages/pip/_vendor/chardet/johabprober.py,src/kiripto_nova/apps/johabprober.py
.venv311/Lib/site-packages/pip/_vendor/chardet/jpcntx.py,src/kiripto_nova/apps/jpcntx.py
.venv311/Lib/site-packages/pip/_vendor/chardet/langbulgarianmodel.py,src/kiripto_nova/apps/langbulgarianmodel.py
.venv311/Lib/site-packages/pip/_vendor/chardet/langgreekmodel.py,src/kiripto_nova/apps/langgreekmodel.py
.venv311/Lib/site-packages/pip/_vendor/chardet/langhebrewmodel.py,src/kiripto_nova/apps/langhebrewmodel.py
.venv311/Lib/site-packages/pip/_vendor/chardet/langhungarianmodel.py,src/kiripto_nova/apps/langhungarianmodel.py
.venv311/Lib/site-packages/pip/_vendor/chardet/langrussianmodel.py,src/kiripto_nova/apps/langrussianmodel.py
.venv311/Lib/site-packages/pip/_vendor/chardet/langthaimodel.py,src/kiripto_nova/apps/langthaimodel.py
.venv311/Lib/site-packages/pip/_vendor/chardet/langturkishmodel.py,src/kiripto_nova/apps/langturkishmodel.py
.venv311/Lib/site-packages/pip/_vendor/chardet/latin1prober.py,src/kiripto_nova/apps/latin1prober.py
.venv311/Lib/site-packages/pip/_vendor/chardet/macromanprober.py,src/kiripto_nova/apps/macromanprober.py
.venv311/Lib/site-packages/pip/_vendor/chardet/mbcharsetprober.py,src/kiripto_nova/apps/mbcharsetprober.py
.venv311/Lib/site-packages/pip/_vendor/chardet/mbcsgroupprober.py,src/kiripto_nova/apps/mbcsgroupprober.py
.venv311/Lib/site-packages/pip/_vendor/chardet/mbcssm.py,src/kiripto_nova/apps/mbcssm.py
.venv311/Lib/site-packages/pip/_vendor/chardet/resultdict.py,src/kiripto_nova/apps/resultdict.py
.venv311/Lib/site-packages/pip/_vendor/chardet/sbcharsetprober.py,src/kiripto_nova/apps/sbcharsetprober.py
.venv311/Lib/site-packages/pip/_vendor/chardet/sbcsgroupprober.py,src/kiripto_nova/apps/sbcsgroupprober.py
.venv311/Lib/site-packages/pip/_vendor/chardet/sjisprober.py,src/kiripto_nova/apps/sjisprober.py
.venv311/Lib/site-packages/pip/_vendor/chardet/universaldetector.py,src/kiripto_nova/apps/universaldetector.py
.venv311/Lib/site-packages/pip/_vendor/chardet/utf1632prober.py,src/kiripto_nova/apps/utf1632prober.py
.venv311/Lib/site-packages/pip/_vendor/chardet/utf8prober.py,src/kiripto_nova/apps/utf8prober.py
.venv311/Lib/site-packages/pip/_vendor/chardet/version.py,src/kiripto_nova/indicators/version.py
.venv311/Lib/site-packages/pip/_vendor/chardet/__init__.py,src/kiripto_nova/apps/__init__.py
.venv311/Lib/site-packages/pip/_vendor/colorama/ansi.py,src/kiripto_nova/apps/ansi.py
.venv311/Lib/site-packages/pip/_vendor/colorama/ansitowin32.py,src/kiripto_nova/apps/ansitowin32.py
.venv311/Lib/site-packages/pip/_vendor/colorama/initialise.py,src/kiripto_nova/apps/initialise.py
.venv311/Lib/site-packages/pip/_vendor/colorama/win32.py,src/kiripto_nova/apps/win32.py
.venv311/Lib/site-packages/pip/_vendor/colorama/winterm.py,src/kiripto_nova/apps/winterm.py
.venv311/Lib/site-packages/pip/_vendor/colorama/__init__.py,src/kiripto_nova/apps/__init__.py
.venv311/Lib/site-packages/pip/_vendor/distlib/compat.py,src/kiripto_nova/apps/compat.py
.venv311/Lib/site-packages/pip/_vendor/distlib/database.py,src/kiripto_nova/data/database.py
.venv311/Lib/site-packages/pip/_vendor/distlib/index.py,src/kiripto_nova/apps/index.py
.venv311/Lib/site-packages/pip/_vendor/distlib/locators.py,src/kiripto_nova/apps/locators.py
.venv311/Lib/site-packages/pip/_vendor/distlib/manifest.py,src/kiripto_nova/apps/manifest.py
.venv311/Lib/site-packages/pip/_vendor/distlib/markers.py,src/kiripto_nova/apps/markers.py
.venv311/Lib/site-packages/pip/_vendor/distlib/metadata.py,src/kiripto_nova/data/metadata.py
.venv311/Lib/site-packages/pip/_vendor/distlib/resources.py,src/kiripto_nova/apps/resources.py
.venv311/Lib/site-packages/pip/_vendor/distlib/scripts.py,src/kiripto_nova/apps/scripts.py
.venv311/Lib/site-packages/pip/_vendor/distlib/util.py,src/kiripto_nova/apps/util.py
.venv311/Lib/site-packages/pip/_vendor/distlib/version.py,src/kiripto_nova/indicators/version.py
.venv311/Lib/site-packages/pip/_vendor/distlib/wheel.py,src/kiripto_nova/apps/wheel.py
.venv311/Lib/site-packages/pip/_vendor/distlib/__init__.py,src/kiripto_nova/apps/__init__.py
.venv311/Lib/site-packages/pip/_vendor/distro/distro.py,src/kiripto_nova/apps/distro.py
.venv311/Lib/site-packages/pip/_vendor/distro/__init__.py,src/kiripto_nova/apps/__init__.py
.venv311/Lib/site-packages/pip/_vendor/distro/__main__.py,src/kiripto_nova/apps/__main__.py
.venv311/Lib/site-packages/pip/_vendor/idna/codec.py,src/kiripto_nova/apps/codec.py
.venv311/Lib/site-packages/pip/_vendor/idna/compat.py,src/kiripto_nova/apps/compat.py
.venv311/Lib/site-packages/pip/_vendor/idna/core.py,src/kiripto_nova/core/core.py
.venv311/Lib/site-packages/pip/_vendor/idna/idnadata.py,src/kiripto_nova/data/idnadata.py
.venv311/Lib/site-packages/pip/_vendor/idna/intranges.py,src/kiripto_nova/apps/intranges.py
.venv311/Lib/site-packages/pip/_vendor/idna/package_data.py,src/kiripto_nova/data/package_data.py
.venv311/Lib/site-packages/pip/_vendor/idna/uts46data.py,src/kiripto_nova/data/uts46data.py
.venv311/Lib/site-packages/pip/_vendor/idna/__init__.py,src/kiripto_nova/apps/__init__.py
.venv311/Lib/site-packages/pip/_vendor/msgpack/exceptions.py,src/kiripto_nova/apps/exceptions.py
.venv311/Lib/site-packages/pip/_vendor/msgpack/ext.py,src/kiripto_nova/apps/ext.py
.venv311/Lib/site-packages/pip/_vendor/msgpack/fallback.py,src/kiripto_nova/apps/fallback.py
.venv311/Lib/site-packages/pip/_vendor/msgpack/__init__.py,src/kiripto_nova/apps/__init__.py
.venv311/Lib/site-packages/pip/_vendor/packaging/markers.py,src/kiripto_nova/apps/markers.py
.venv311/Lib/site-packages/pip/_vendor/packaging/requirements.py,src/kiripto_nova/apps/requirements.py
.venv311/Lib/site-packages/pip/_vendor/packaging/specifiers.py,src/kiripto_nova/apps/specifiers.py
.venv311/Lib/site-packages/pip/_vendor/packaging/tags.py,src/kiripto_nova/apps/tags.py
.venv311/Lib/site-packages/pip/_vendor/packaging/utils.py,src/kiripto_nova/apps/utils.py
.venv311/Lib/site-packages/pip/_vendor/packaging/version.py,src/kiripto_nova/indicators/version.py
.venv311/Lib/site-packages/pip/_vendor/packaging/_manylinux.py,src/kiripto_nova/apps/_manylinux.py
.venv311/Lib/site-packages/pip/_vendor/packaging/_musllinux.py,src/kiripto_nova/apps/_musllinux.py
.venv311/Lib/site-packages/pip/_vendor/packaging/_structures.py,src/kiripto_nova/apps/_structures.py
.venv311/Lib/site-packages/pip/_vendor/packaging/__about__.py,src/kiripto_nova/apps/__about__.py
.venv311/Lib/site-packages/pip/_vendor/packaging/__init__.py,src/kiripto_nova/apps/__init__.py
.venv311/Lib/site-packages/pip/_vendor/pkg_resources/__init__.py,src/kiripto_nova/apps/__init__.py
.venv311/Lib/site-packages/pip/_vendor/platformdirs/android.py,src/kiripto_nova/apps/android.py
.venv311/Lib/site-packages/pip/_vendor/platformdirs/api.py,src/kiripto_nova/apps/api.py
.venv311/Lib/site-packages/pip/_vendor/platformdirs/macos.py,src/kiripto_nova/apps/macos.py
.venv311/Lib/site-packages/pip/_vendor/platformdirs/unix.py,src/kiripto_nova/apps/unix.py
.venv311/Lib/site-packages/pip/_vendor/platformdirs/version.py,src/kiripto_nova/indicators/version.py
.venv311/Lib/site-packages/pip/_vendor/platformdirs/windows.py,src/kiripto_nova/apps/windows.py
.venv311/Lib/site-packages/pip/_vendor/platformdirs/__init__.py,src/kiripto_nova/apps/__init__.py
.venv311/Lib/site-packages/pip/_vendor/platformdirs/__main__.py,src/kiripto_nova/apps/__main__.py
.venv311/Lib/site-packages/pip/_vendor/pygments/cmdline.py,src/kiripto_nova/apps/cmdline.py
.venv311/Lib/site-packages/pip/_vendor/pygments/console.py,src/kiripto_nova/apps/console.py
.venv311/Lib/site-packages/pip/_vendor/pygments/filter.py,src/kiripto_nova/apps/filter.py
.venv311/Lib/site-packages/pip/_vendor/pygments/formatter.py,src/kiripto_nova/apps/formatter.py
.venv311/Lib/site-packages/pip/_vendor/pygments/lexer.py,src/kiripto_nova/apps/lexer.py
.venv311/Lib/site-packages/pip/_vendor/pygments/modeline.py,src/kiripto_nova/apps/modeline.py
.venv311/Lib/site-packages/pip/_vendor/pygments/plugin.py,src/kiripto_nova/apps/plugin.py
.venv311/Lib/site-packages/pip/_vendor/pygments/regexopt.py,src/kiripto_nova/apps/regexopt.py
.venv311/Lib/site-packages/pip/_vendor/pygments/scanner.py,src/kiripto_nova/strategies/scanner.py
.venv311/Lib/site-packages/pip/_vendor/pygments/sphinxext.py,src/kiripto_nova/apps/sphinxext.py
.venv311/Lib/site-packages/pip/_vendor/pygments/style.py,src/kiripto_nova/apps/style.py
.venv311/Lib/site-packages/pip/_vendor/pygments/token.py,src/kiripto_nova/apps/token.py
.venv311/Lib/site-packages/pip/_vendor/pygments/unistring.py,src/kiripto_nova/apps/unistring.py
.venv311/Lib/site-packages/pip/_vendor/pygments/util.py,src/kiripto_nova/apps/util.py
.venv311/Lib/site-packages/pip/_vendor/pygments/__init__.py,src/kiripto_nova/apps/__init__.py
.venv311/Lib/site-packages/pip/_vendor/pygments/__main__.py,src/kiripto_nova/apps/__main__.py
.venv311/Lib/site-packages/pip/_vendor/pyparsing/actions.py,src/kiripto_nova/indicators/actions.py
.venv311/Lib/site-packages/pip/_vendor/pyparsing/common.py,src/kiripto_nova/indicators/common.py
.venv311/Lib/site-packages/pip/_vendor/pyparsing/core.py,src/kiripto_nova/core/core.py
.venv311/Lib/site-packages/pip/_vendor/pyparsing/exceptions.py,src/kiripto_nova/indicators/exceptions.py
.venv311/Lib/site-packages/pip/_vendor/pyparsing/helpers.py,src/kiripto_nova/indicators/helpers.py
.venv311/Lib/site-packages/pip/_vendor/pyparsing/results.py,src/kiripto_nova/indicators/results.py
.venv311/Lib/site-packages/pip/_vendor/pyparsing/testing.py,src/kiripto_nova/indicators/testing.py
.venv311/Lib/site-packages/pip/_vendor/pyparsing/unicode.py,src/kiripto_nova/indicators/unicode.py
.venv311/Lib/site-packages/pip/_vendor/pyparsing/util.py,src/kiripto_nova/indicators/util.py
.venv311/Lib/site-packages/pip/_vendor/pyparsing/__init__.py,src/kiripto_nova/indicators/__init__.py
.venv311/Lib/site-packages/pip/_vendor/pyproject_hooks/_compat.py,src/kiripto_nova/apps/_compat.py
.venv311/Lib/site-packages/pip/_vendor/pyproject_hooks/_impl.py,src/kiripto_nova/apps/_impl.py
.venv311/Lib/site-packages/pip/_vendor/pyproject_hooks/__init__.py,src/kiripto_nova/apps/__init__.py
.venv311/Lib/site-packages/pip/_vendor/requests/adapters.py,src/kiripto_nova/apps/adapters.py
.venv311/Lib/site-packages/pip/_vendor/requests/api.py,src/kiripto_nova/apps/api.py
.venv311/Lib/site-packages/pip/_vendor/requests/auth.py,src/kiripto_nova/apps/auth.py
.venv311/Lib/site-packages/pip/_vendor/requests/certs.py,src/kiripto_nova/apps/certs.py
.venv311/Lib/site-packages/pip/_vendor/requests/compat.py,src/kiripto_nova/apps/compat.py
.venv311/Lib/site-packages/pip/_vendor/requests/cookies.py,src/kiripto_nova/apps/cookies.py
.venv311/Lib/site-packages/pip/_vendor/requests/exceptions.py,src/kiripto_nova/apps/exceptions.py
.venv311/Lib/site-packages/pip/_vendor/requests/help.py,src/kiripto_nova/apps/help.py
.venv311/Lib/site-packages/pip/_vendor/requests/hooks.py,src/kiripto_nova/apps/hooks.py
.venv311/Lib/site-packages/pip/_vendor/requests/models.py,src/kiripto_nova/apps/models.py
.venv311/Lib/site-packages/pip/_vendor/requests/packages.py,src/kiripto_nova/apps/packages.py
.venv311/Lib/site-packages/pip/_vendor/requests/sessions.py,src/kiripto_nova/apps/sessions.py
.venv311/Lib/site-packages/pip/_vendor/requests/status_codes.py,src/kiripto_nova/apps/status_codes.py
.venv311/Lib/site-packages/pip/_vendor/requests/structures.py,src/kiripto_nova/apps/structures.py
.venv311/Lib/site-packages/pip/_vendor/requests/utils.py,src/kiripto_nova/apps/utils.py
.venv311/Lib/site-packages/pip/_vendor/requests/_internal_utils.py,src/kiripto_nova/apps/_internal_utils.py
.venv311/Lib/site-packages/pip/_vendor/requests/__init__.py,src/kiripto_nova/apps/__init__.py
.venv311/Lib/site-packages/pip/_vendor/requests/__version__.py,src/kiripto_nova/indicators/__version__.py
.venv311/Lib/site-packages/pip/_vendor/resolvelib/providers.py,src/kiripto_nova/apps/providers.py
.venv311/Lib/site-packages/pip/_vendor/resolvelib/reporters.py,src/kiripto_nova/apps/reporters.py
.venv311/Lib/site-packages/pip/_vendor/resolvelib/resolvers.py,src/kiripto_nova/apps/resolvers.py
.venv311/Lib/site-packages/pip/_vendor/resolvelib/structs.py,src/kiripto_nova/apps/structs.py
.venv311/Lib/site-packages/pip/_vendor/resolvelib/__init__.py,src/kiripto_nova/apps/__init__.py
.venv311/Lib/site-packages/pip/_vendor/rich/abc.py,src/kiripto_nova/apps/abc.py
.venv311/Lib/site-packages/pip/_vendor/rich/align.py,src/kiripto_nova/apps/align.py
.venv311/Lib/site-packages/pip/_vendor/rich/ansi.py,src/kiripto_nova/apps/ansi.py
.venv311/Lib/site-packages/pip/_vendor/rich/bar.py,src/kiripto_nova/apps/bar.py
.venv311/Lib/site-packages/pip/_vendor/rich/box.py,src/kiripto_nova/apps/box.py
.venv311/Lib/site-packages/pip/_vendor/rich/cells.py,src/kiripto_nova/apps/cells.py
.venv311/Lib/site-packages/pip/_vendor/rich/color.py,src/kiripto_nova/apps/color.py
.venv311/Lib/site-packages/pip/_vendor/rich/color_triplet.py,src/kiripto_nova/apps/color_triplet.py
.venv311/Lib/site-packages/pip/_vendor/rich/columns.py,src/kiripto_nova/apps/columns.py
.venv311/Lib/site-packages/pip/_vendor/rich/console.py,src/kiripto_nova/apps/console.py
.venv311/Lib/site-packages/pip/_vendor/rich/constrain.py,src/kiripto_nova/apps/constrain.py
.venv311/Lib/site-packages/pip/_vendor/rich/containers.py,src/kiripto_nova/apps/containers.py
.venv311/Lib/site-packages/pip/_vendor/rich/control.py,src/kiripto_nova/apps/control.py
.venv311/Lib/site-packages/pip/_vendor/rich/default_styles.py,src/kiripto_nova/apps/default_styles.py
.venv311/Lib/site-packages/pip/_vendor/rich/diagnose.py,src/kiripto_nova/apps/diagnose.py
.venv311/Lib/site-packages/pip/_vendor/rich/emoji.py,src/kiripto_nova/apps/emoji.py
.venv311/Lib/site-packages/pip/_vendor/rich/errors.py,src/kiripto_nova/apps/errors.py
.venv311/Lib/site-packages/pip/_vendor/rich/filesize.py,src/kiripto_nova/apps/filesize.py
.venv311/Lib/site-packages/pip/_vendor/rich/file_proxy.py,src/kiripto_nova/apps/file_proxy.py
.venv311/Lib/site-packages/pip/_vendor/rich/highlighter.py,src/kiripto_nova/apps/highlighter.py
.venv311/Lib/site-packages/pip/_vendor/rich/json.py,src/kiripto_nova/apps/json.py
.venv311/Lib/site-packages/pip/_vendor/rich/jupyter.py,src/kiripto_nova/apps/jupyter.py
.venv311/Lib/site-packages/pip/_vendor/rich/layout.py,src/kiripto_nova/apps/layout.py
.venv311/Lib/site-packages/pip/_vendor/rich/live.py,src/kiripto_nova/apps/live.py
.venv311/Lib/site-packages/pip/_vendor/rich/live_render.py,src/kiripto_nova/apps/live_render.py
.venv311/Lib/site-packages/pip/_vendor/rich/logging.py,src/kiripto_nova/apps/logging.py
.venv311/Lib/site-packages/pip/_vendor/rich/markup.py,src/kiripto_nova/apps/markup.py
.venv311/Lib/site-packages/pip/_vendor/rich/measure.py,src/kiripto_nova/apps/measure.py
.venv311/Lib/site-packages/pip/_vendor/rich/padding.py,src/kiripto_nova/apps/padding.py
.venv311/Lib/site-packages/pip/_vendor/rich/pager.py,src/kiripto_nova/apps/pager.py
.venv311/Lib/site-packages/pip/_vendor/rich/palette.py,src/kiripto_nova/apps/palette.py
.venv311/Lib/site-packages/pip/_vendor/rich/panel.py,src/kiripto_nova/apps/panel.py
.venv311/Lib/site-packages/pip/_vendor/rich/pretty.py,src/kiripto_nova/apps/pretty.py
.venv311/Lib/site-packages/pip/_vendor/rich/progress.py,src/kiripto_nova/apps/progress.py
.venv311/Lib/site-packages/pip/_vendor/rich/progress_bar.py,src/kiripto_nova/apps/progress_bar.py
.venv311/Lib/site-packages/pip/_vendor/rich/prompt.py,src/kiripto_nova/apps/prompt.py
.venv311/Lib/site-packages/pip/_vendor/rich/protocol.py,src/kiripto_nova/apps/protocol.py
.venv311/Lib/site-packages/pip/_vendor/rich/region.py,src/kiripto_nova/apps/region.py
.venv311/Lib/site-packages/pip/_vendor/rich/repr.py,src/kiripto_nova/apps/repr.py
.venv311/Lib/site-packages/pip/_vendor/rich/rule.py,src/kiripto_nova/apps/rule.py
.venv311/Lib/site-packages/pip/_vendor/rich/scope.py,src/kiripto_nova/apps/scope.py
.venv311/Lib/site-packages/pip/_vendor/rich/screen.py,src/kiripto_nova/apps/screen.py
.venv311/Lib/site-packages/pip/_vendor/rich/segment.py,src/kiripto_nova/apps/segment.py
.venv311/Lib/site-packages/pip/_vendor/rich/spinner.py,src/kiripto_nova/apps/spinner.py
.venv311/Lib/site-packages/pip/_vendor/rich/status.py,src/kiripto_nova/apps/status.py
.venv311/Lib/site-packages/pip/_vendor/rich/style.py,src/kiripto_nova/apps/style.py
.venv311/Lib/site-packages/pip/_vendor/rich/styled.py,src/kiripto_nova/apps/styled.py
.venv311/Lib/site-packages/pip/_vendor/rich/syntax.py,src/kiripto_nova/apps/syntax.py
.venv311/Lib/site-packages/pip/_vendor/rich/table.py,src/kiripto_nova/apps/table.py
.venv311/Lib/site-packages/pip/_vendor/rich/terminal_theme.py,src/kiripto_nova/apps/terminal_theme.py
.venv311/Lib/site-packages/pip/_vendor/rich/text.py,src/kiripto_nova/apps/text.py
.venv311/Lib/site-packages/pip/_vendor/rich/theme.py,src/kiripto_nova/apps/theme.py
.venv311/Lib/site-packages/pip/_vendor/rich/themes.py,src/kiripto_nova/apps/themes.py
.venv311/Lib/site-packages/pip/_vendor/rich/traceback.py,src/kiripto_nova/apps/traceback.py
.venv311/Lib/site-packages/pip/_vendor/rich/tree.py,src/kiripto_nova/apps/tree.py
.venv311/Lib/site-packages/pip/_vendor/rich/_cell_widths.py,src/kiripto_nova/apps/_cell_widths.py
.venv311/Lib/site-packages/pip/_vendor/rich/_emoji_codes.py,src/kiripto_nova/apps/_emoji_codes.py
.venv311/Lib/site-packages/pip/_vendor/rich/_emoji_replace.py,src/kiripto_nova/apps/_emoji_replace.py
.venv311/Lib/site-packages/pip/_vendor/rich/_export_format.py,src/kiripto_nova/apps/_export_format.py
.venv311/Lib/site-packages/pip/_vendor/rich/_extension.py,src/kiripto_nova/apps/_extension.py
.venv311/Lib/site-packages/pip/_vendor/rich/_fileno.py,src/kiripto_nova/apps/_fileno.py
.venv311/Lib/site-packages/pip/_vendor/rich/_inspect.py,src/kiripto_nova/apps/_inspect.py
.venv311/Lib/site-packages/pip/_vendor/rich/_log_render.py,src/kiripto_nova/apps/_log_render.py
.venv311/Lib/site-packages/pip/_vendor/rich/_loop.py,src/kiripto_nova/apps/_loop.py
.venv311/Lib/site-packages/pip/_vendor/rich/_null_file.py,src/kiripto_nova/apps/_null_file.py
.venv311/Lib/site-packages/pip/_vendor/rich/_palettes.py,src/kiripto_nova/apps/_palettes.py
.venv311/Lib/site-packages/pip/_vendor/rich/_pick.py,src/kiripto_nova/apps/_pick.py
.venv311/Lib/site-packages/pip/_vendor/rich/_ratio.py,src/kiripto_nova/apps/_ratio.py
.venv311/Lib/site-packages/pip/_vendor/rich/_spinners.py,src/kiripto_nova/apps/_spinners.py
.venv311/Lib/site-packages/pip/_vendor/rich/_stack.py,src/kiripto_nova/apps/_stack.py
.venv311/Lib/site-packages/pip/_vendor/rich/_timer.py,src/kiripto_nova/apps/_timer.py
.venv311/Lib/site-packages/pip/_vendor/rich/_win32_console.py,src/kiripto_nova/apps/_win32_console.py
.venv311/Lib/site-packages/pip/_vendor/rich/_windows.py,src/kiripto_nova/apps/_windows.py
.venv311/Lib/site-packages/pip/_vendor/rich/_windows_renderer.py,src/kiripto_nova/apps/_windows_renderer.py
.venv311/Lib/site-packages/pip/_vendor/rich/_wrap.py,src/kiripto_nova/apps/_wrap.py
.venv311/Lib/site-packages/pip/_vendor/rich/__init__.py,src/kiripto_nova/apps/__init__.py
.venv311/Lib/site-packages/pip/_vendor/rich/__main__.py,src/kiripto_nova/apps/__main__.py
.venv311/Lib/site-packages/pip/_vendor/tenacity/after.py,src/kiripto_nova/apps/after.py
.venv311/Lib/site-packages/pip/_vendor/tenacity/before.py,src/kiripto_nova/apps/before.py
.venv311/Lib/site-packages/pip/_vendor/tenacity/before_sleep.py,src/kiripto_nova/apps/before_sleep.py
.venv311/Lib/site-packages/pip/_vendor/tenacity/nap.py,src/kiripto_nova/apps/nap.py
.venv311/Lib/site-packages/pip/_vendor/tenacity/retry.py,src/kiripto_nova/apps/retry.py
.venv311/Lib/site-packages/pip/_vendor/tenacity/stop.py,src/kiripto_nova/apps/stop.py
.venv311/Lib/site-packages/pip/_vendor/tenacity/tornadoweb.py,src/kiripto_nova/apps/tornadoweb.py
.venv311/Lib/site-packages/pip/_vendor/tenacity/wait.py,src/kiripto_nova/apps/wait.py
.venv311/Lib/site-packages/pip/_vendor/tenacity/_asyncio.py,src/kiripto_nova/apps/_asyncio.py
.venv311/Lib/site-packages/pip/_vendor/tenacity/_utils.py,src/kiripto_nova/apps/_utils.py
.venv311/Lib/site-packages/pip/_vendor/tenacity/__init__.py,src/kiripto_nova/apps/__init__.py
.venv311/Lib/site-packages/pip/_vendor/tomli/_parser.py,src/kiripto_nova/apps/_parser.py
.venv311/Lib/site-packages/pip/_vendor/tomli/_re.py,src/kiripto_nova/apps/_re.py
.venv311/Lib/site-packages/pip/_vendor/tomli/_types.py,src/kiripto_nova/apps/_types.py
.venv311/Lib/site-packages/pip/_vendor/tomli/__init__.py,src/kiripto_nova/apps/__init__.py
.venv311/Lib/site-packages/pip/_vendor/truststore/_api.py,src/kiripto_nova/apps/_api.py
.venv311/Lib/site-packages/pip/_vendor/truststore/_macos.py,src/kiripto_nova/apps/_macos.py
.venv311/Lib/site-packages/pip/_vendor/truststore/_openssl.py,src/kiripto_nova/apps/_openssl.py
.venv311/Lib/site-packages/pip/_vendor/truststore/_ssl_constants.py,src/kiripto_nova/apps/_ssl_constants.py
.venv311/Lib/site-packages/pip/_vendor/truststore/_windows.py,src/kiripto_nova/apps/_windows.py
.venv311/Lib/site-packages/pip/_vendor/truststore/__init__.py,src/kiripto_nova/apps/__init__.py
.venv311/Lib/site-packages/pip/_vendor/urllib3/connection.py,src/kiripto_nova/apps/connection.py
.venv311/Lib/site-packages/pip/_vendor/urllib3/connectionpool.py,src/kiripto_nova/apps/connectionpool.py
.venv311/Lib/site-packages/pip/_vendor/urllib3/exceptions.py,src/kiripto_nova/apps/exceptions.py
.venv311/Lib/site-packages/pip/_vendor/urllib3/fields.py,src/kiripto_nova/apps/fields.py
.venv311/Lib/site-packages/pip/_vendor/urllib3/filepost.py,src/kiripto_nova/apps/filepost.py
.venv311/Lib/site-packages/pip/_vendor/urllib3/poolmanager.py,src/kiripto_nova/core/poolmanager.py
.venv311/Lib/site-packages/pip/_vendor/urllib3/request.py,src/kiripto_nova/apps/request.py
.venv311/Lib/site-packages/pip/_vendor/urllib3/response.py,src/kiripto_nova/apps/response.py
.venv311/Lib/site-packages/pip/_vendor/urllib3/_collections.py,src/kiripto_nova/apps/_collections.py
.venv311/Lib/site-packages/pip/_vendor/urllib3/_version.py,src/kiripto_nova/indicators/_version.py
.venv311/Lib/site-packages/pip/_vendor/urllib3/__init__.py,src/kiripto_nova/apps/__init__.py
.venv311/Lib/site-packages/pip/_vendor/webencodings/labels.py,src/kiripto_nova/apps/labels.py
.venv311/Lib/site-packages/pip/_vendor/webencodings/mklabels.py,src/kiripto_nova/apps/mklabels.py
.venv311/Lib/site-packages/pip/_vendor/webencodings/tests.py,src/kiripto_nova/apps/tests.py
.venv311/Lib/site-packages/pip/_vendor/webencodings/x_user_defined.py,src/kiripto_nova/apps/x_user_defined.py
.venv311/Lib/site-packages/pip/_vendor/webencodings/__init__.py,src/kiripto_nova/apps/__init__.py
.venv311/Lib/site-packages/pip/_vendor/urllib3/contrib/appengine.py,src/kiripto_nova/apps/appengine.py
.venv311/Lib/site-packages/pip/_vendor/urllib3/contrib/ntlmpool.py,src/kiripto_nova/apps/ntlmpool.py
.venv311/Lib/site-packages/pip/_vendor/urllib3/contrib/pyopenssl.py,src/kiripto_nova/apps/pyopenssl.py
.venv311/Lib/site-packages/pip/_vendor/urllib3/contrib/securetransport.py,src/kiripto_nova/apps/securetransport.py
.venv311/Lib/site-packages/pip/_vendor/urllib3/contrib/socks.py,src/kiripto_nova/apps/socks.py
.venv311/Lib/site-packages/pip/_vendor/urllib3/contrib/_appengine_environ.py,src/kiripto_nova/apps/_appengine_environ.py
.venv311/Lib/site-packages/pip/_vendor/urllib3/contrib/__init__.py,src/kiripto_nova/apps/__init__.py
.venv311/Lib/site-packages/pip/_vendor/urllib3/packages/six.py,src/kiripto_nova/apps/six.py
.venv311/Lib/site-packages/pip/_vendor/urllib3/packages/__init__.py,src/kiripto_nova/apps/__init__.py
.venv311/Lib/site-packages/pip/_vendor/urllib3/util/connection.py,src/kiripto_nova/apps/connection.py
.venv311/Lib/site-packages/pip/_vendor/urllib3/util/proxy.py,src/kiripto_nova/apps/proxy.py
.venv311/Lib/site-packages/pip/_vendor/urllib3/util/queue.py,src/kiripto_nova/apps/queue.py
.venv311/Lib/site-packages/pip/_vendor/urllib3/util/request.py,src/kiripto_nova/apps/request.py
.venv311/Lib/site-packages/pip/_vendor/urllib3/util/response.py,src/kiripto_nova/apps/response.py
.venv311/Lib/site-packages/pip/_vendor/urllib3/util/retry.py,src/kiripto_nova/apps/retry.py
.venv311/Lib/site-packages/pip/_vendor/urllib3/util/ssltransport.py,src/kiripto_nova/apps/ssltransport.py
.venv311/Lib/site-packages/pip/_vendor/urllib3/util/ssl_.py,src/kiripto_nova/apps/ssl_.py
.venv311/Lib/site-packages/pip/_vendor/urllib3/util/ssl_match_hostname.py,src/kiripto_nova/apps/ssl_match_hostname.py
.venv311/Lib/site-packages/pip/_vendor/urllib3/util/timeout.py,src/kiripto_nova/apps/timeout.py
.venv311/Lib/site-packages/pip/_vendor/urllib3/util/url.py,src/kiripto_nova/apps/url.py
.venv311/Lib/site-packages/pip/_vendor/urllib3/util/wait.py,src/kiripto_nova/apps/wait.py
.venv311/Lib/site-packages/pip/_vendor/urllib3/util/__init__.py,src/kiripto_nova/apps/__init__.py
.venv311/Lib/site-packages/pip/_vendor/urllib3/packages/backports/makefile.py,src/kiripto_nova/apps/makefile.py
.venv311/Lib/site-packages/pip/_vendor/urllib3/packages/backports/weakref_finalize.py,src/kiripto_nova/apps/weakref_finalize.py
.venv311/Lib/site-packages/pip/_vendor/urllib3/packages/backports/__init__.py,src/kiripto_nova/apps/__init__.py
.venv311/Lib/site-packages/pip/_vendor/urllib3/contrib/_securetransport/bindings.py,src/kiripto_nova/apps/bindings.py
.venv311/Lib/site-packages/pip/_vendor/urllib3/contrib/_securetransport/low_level.py,src/kiripto_nova/apps/low_level.py
.venv311/Lib/site-packages/pip/_vendor/urllib3/contrib/_securetransport/__init__.py,src/kiripto_nova/apps/__init__.py
.venv311/Lib/site-packages/pip/_vendor/resolvelib/compat/collections_abc.py,src/kiripto_nova/apps/collections_abc.py
.venv311/Lib/site-packages/pip/_vendor/resolvelib/compat/__init__.py,src/kiripto_nova/apps/__init__.py
.venv311/Lib/site-packages/pip/_vendor/pyproject_hooks/_in_process/_in_process.py,src/kiripto_nova/apps/_in_process.py
.venv311/Lib/site-packages/pip/_vendor/pyproject_hooks/_in_process/__init__.py,src/kiripto_nova/apps/__init__.py
.venv311/Lib/site-packages/pip/_vendor/pyparsing/diagram/__init__.py,src/kiripto_nova/indicators/__init__.py
.venv311/Lib/site-packages/pip/_vendor/pygments/filters/__init__.py,src/kiripto_nova/apps/__init__.py
.venv311/Lib/site-packages/pip/_vendor/pygments/formatters/bbcode.py,src/kiripto_nova/apps/bbcode.py
.venv311/Lib/site-packages/pip/_vendor/pygments/formatters/groff.py,src/kiripto_nova/apps/groff.py
.venv311/Lib/site-packages/pip/_vendor/pygments/formatters/html.py,src/kiripto_nova/apps/html.py
.venv311/Lib/site-packages/pip/_vendor/pygments/formatters/img.py,src/kiripto_nova/apps/img.py
.venv311/Lib/site-packages/pip/_vendor/pygments/formatters/irc.py,src/kiripto_nova/apps/irc.py
.venv311/Lib/site-packages/pip/_vendor/pygments/formatters/latex.py,src/kiripto_nova/apps/latex.py
.venv311/Lib/site-packages/pip/_vendor/pygments/formatters/other.py,src/kiripto_nova/apps/other.py
.venv311/Lib/site-packages/pip/_vendor/pygments/formatters/pangomarkup.py,src/kiripto_nova/apps/pangomarkup.py
.venv311/Lib/site-packages/pip/_vendor/pygments/formatters/rtf.py,src/kiripto_nova/apps/rtf.py
.venv311/Lib/site-packages/pip/_vendor/pygments/formatters/svg.py,src/kiripto_nova/apps/svg.py
.venv311/Lib/site-packages/pip/_vendor/pygments/formatters/terminal.py,src/kiripto_nova/apps/terminal.py
.venv311/Lib/site-packages/pip/_vendor/pygments/formatters/terminal256.py,src/kiripto_nova/apps/terminal256.py
.venv311/Lib/site-packages/pip/_vendor/pygments/formatters/_mapping.py,src/kiripto_nova/apps/_mapping.py
.venv311/Lib/site-packages/pip/_vendor/pygments/formatters/__init__.py,src/kiripto_nova/apps/__init__.py
.venv311/Lib/site-packages/pip/_vendor/pygments/lexers/python.py,src/kiripto_nova/apps/python.py
.venv311/Lib/site-packages/pip/_vendor/pygments/lexers/_mapping.py,src/kiripto_nova/apps/_mapping.py
.venv311/Lib/site-packages/pip/_vendor/pygments/lexers/__init__.py,src/kiripto_nova/apps/__init__.py
.venv311/Lib/site-packages/pip/_vendor/pygments/styles/__init__.py,src/kiripto_nova/apps/__init__.py
.venv311/Lib/site-packages/pip/_vendor/colorama/tests/ansitowin32_test.py,src/kiripto_nova/apps/ansitowin32_test.py
.venv311/Lib/site-packages/pip/_vendor/colorama/tests/ansi_test.py,src/kiripto_nova/apps/ansi_test.py
.venv311/Lib/site-packages/pip/_vendor/colorama/tests/initialise_test.py,src/kiripto_nova/apps/initialise_test.py
.venv311/Lib/site-packages/pip/_vendor/colorama/tests/isatty_test.py,src/kiripto_nova/apps/isatty_test.py
.venv311/Lib/site-packages/pip/_vendor/colorama/tests/utils.py,src/kiripto_nova/apps/utils.py
.venv311/Lib/site-packages/pip/_vendor/colorama/tests/winterm_test.py,src/kiripto_nova/apps/winterm_test.py
.venv311/Lib/site-packages/pip/_vendor/colorama/tests/__init__.py,src/kiripto_nova/apps/__init__.py
.venv311/Lib/site-packages/pip/_vendor/chardet/cli/chardetect.py,src/kiripto_nova/apps/chardetect.py
.venv311/Lib/site-packages/pip/_vendor/chardet/cli/__init__.py,src/kiripto_nova/apps/__init__.py
.venv311/Lib/site-packages/pip/_vendor/chardet/metadata/languages.py,src/kiripto_nova/data/languages.py
.venv311/Lib/site-packages/pip/_vendor/chardet/metadata/__init__.py,src/kiripto_nova/data/__init__.py
.venv311/Lib/site-packages/pip/_vendor/cachecontrol/caches/file_cache.py,src/kiripto_nova/apps/file_cache.py
.venv311/Lib/site-packages/pip/_vendor/cachecontrol/caches/redis_cache.py,src/kiripto_nova/apps/redis_cache.py
.venv311/Lib/site-packages/pip/_vendor/cachecontrol/caches/__init__.py,src/kiripto_nova/apps/__init__.py
.venv311/Lib/site-packages/pip/_internal/cli/autocompletion.py,src/kiripto_nova/apps/autocompletion.py
.venv311/Lib/site-packages/pip/_internal/cli/base_command.py,src/kiripto_nova/apps/base_command.py
.venv311/Lib/site-packages/pip/_internal/cli/cmdoptions.py,src/kiripto_nova/apps/cmdoptions.py
.venv311/Lib/site-packages/pip/_internal/cli/command_context.py,src/kiripto_nova/apps/command_context.py
.venv311/Lib/site-packages/pip/_internal/cli/main.py,src/kiripto_nova/apps/main.py
.venv311/Lib/site-packages/pip/_internal/cli/main_parser.py,src/kiripto_nova/apps/main_parser.py
.venv311/Lib/site-packages/pip/_internal/cli/parser.py,src/kiripto_nova/apps/parser.py
.venv311/Lib/site-packages/pip/_internal/cli/progress_bars.py,src/kiripto_nova/apps/progress_bars.py
.venv311/Lib/site-packages/pip/_internal/cli/req_command.py,src/kiripto_nova/apps/req_command.py
.venv311/Lib/site-packages/pip/_internal/cli/spinners.py,src/kiripto_nova/apps/spinners.py
.venv311/Lib/site-packages/pip/_internal/cli/status_codes.py,src/kiripto_nova/apps/status_codes.py
.venv311/Lib/site-packages/pip/_internal/cli/__init__.py,src/kiripto_nova/apps/__init__.py
.venv311/Lib/site-packages/pip/_internal/commands/cache.py,src/kiripto_nova/apps/cache.py
.venv311/Lib/site-packages/pip/_internal/commands/check.py,src/kiripto_nova/apps/check.py
.venv311/Lib/site-packages/pip/_internal/commands/completion.py,src/kiripto_nova/apps/completion.py
.venv311/Lib/site-packages/pip/_internal/commands/configuration.py,src/kiripto_nova/core/configuration.py
.venv311/Lib/site-packages/pip/_internal/commands/debug.py,src/kiripto_nova/apps/debug.py
.venv311/Lib/site-packages/pip/_internal/commands/download.py,src/kiripto_nova/apps/download.py
.venv311/Lib/site-packages/pip/_internal/commands/freeze.py,src/kiripto_nova/apps/freeze.py
.venv311/Lib/site-packages/pip/_internal/commands/hash.py,src/kiripto_nova/apps/hash.py
.venv311/Lib/site-packages/pip/_internal/commands/help.py,src/kiripto_nova/apps/help.py
.venv311/Lib/site-packages/pip/_internal/commands/index.py,src/kiripto_nova/apps/index.py
.venv311/Lib/site-packages/pip/_internal/commands/inspect.py,src/kiripto_nova/apps/inspect.py
.venv311/Lib/site-packages/pip/_internal/commands/install.py,src/kiripto_nova/apps/install.py
.venv311/Lib/site-packages/pip/_internal/commands/list.py,src/kiripto_nova/apps/list.py
.venv311/Lib/site-packages/pip/_internal/commands/search.py,src/kiripto_nova/apps/search.py
.venv311/Lib/site-packages/pip/_internal/commands/show.py,src/kiripto_nova/apps/show.py
.venv311/Lib/site-packages/pip/_internal/commands/uninstall.py,src/kiripto_nova/apps/uninstall.py
.venv311/Lib/site-packages/pip/_internal/commands/wheel.py,src/kiripto_nova/apps/wheel.py
.venv311/Lib/site-packages/pip/_internal/commands/__init__.py,src/kiripto_nova/apps/__init__.py
.venv311/Lib/site-packages/pip/_internal/distributions/base.py,src/kiripto_nova/apps/base.py
.venv311/Lib/site-packages/pip/_internal/distributions/installed.py,src/kiripto_nova/apps/installed.py
.venv311/Lib/site-packages/pip/_internal/distributions/sdist.py,src/kiripto_nova/apps/sdist.py
.venv311/Lib/site-packages/pip/_internal/distributions/wheel.py,src/kiripto_nova/apps/wheel.py
.venv311/Lib/site-packages/pip/_internal/distributions/__init__.py,src/kiripto_nova/apps/__init__.py
.venv311/Lib/site-packages/pip/_internal/index/collector.py,src/kiripto_nova/apps/collector.py
.venv311/Lib/site-packages/pip/_internal/index/package_finder.py,src/kiripto_nova/apps/package_finder.py
.venv311/Lib/site-packages/pip/_internal/index/sources.py,src/kiripto_nova/apps/sources.py
.venv311/Lib/site-packages/pip/_internal/index/__init__.py,src/kiripto_nova/apps/__init__.py
.venv311/Lib/site-packages/pip/_internal/locations/base.py,src/kiripto_nova/apps/base.py
.venv311/Lib/site-packages/pip/_internal/locations/_distutils.py,src/kiripto_nova/apps/_distutils.py
.venv311/Lib/site-packages/pip/_internal/locations/_sysconfig.py,src/kiripto_nova/core/_sysconfig.py
.venv311/Lib/site-packages/pip/_internal/locations/__init__.py,src/kiripto_nova/apps/__init__.py
.venv311/Lib/site-packages/pip/_internal/metadata/base.py,src/kiripto_nova/data/base.py
.venv311/Lib/site-packages/pip/_internal/metadata/pkg_resources.py,src/kiripto_nova/data/pkg_resources.py
.venv311/Lib/site-packages/pip/_internal/metadata/_json.py,src/kiripto_nova/data/_json.py
.venv311/Lib/site-packages/pip/_internal/metadata/__init__.py,src/kiripto_nova/data/__init__.py
.venv311/Lib/site-packages/pip/_internal/models/candidate.py,src/kiripto_nova/apps/candidate.py
.venv311/Lib/site-packages/pip/_internal/models/direct_url.py,src/kiripto_nova/apps/direct_url.py
.venv311/Lib/site-packages/pip/_internal/models/format_control.py,src/kiripto_nova/apps/format_control.py
.venv311/Lib/site-packages/pip/_internal/models/index.py,src/kiripto_nova/apps/index.py
.venv311/Lib/site-packages/pip/_internal/models/installation_report.py,src/kiripto_nova/apps/installation_report.py
.venv311/Lib/site-packages/pip/_internal/models/link.py,src/kiripto_nova/apps/link.py
.venv311/Lib/site-packages/pip/_internal/models/scheme.py,src/kiripto_nova/apps/scheme.py
.venv311/Lib/site-packages/pip/_internal/models/search_scope.py,src/kiripto_nova/apps/search_scope.py
.venv311/Lib/site-packages/pip/_internal/models/selection_prefs.py,src/kiripto_nova/apps/selection_prefs.py
.venv311/Lib/site-packages/pip/_internal/models/target_python.py,src/kiripto_nova/apps/target_python.py
.venv311/Lib/site-packages/pip/_internal/models/wheel.py,src/kiripto_nova/apps/wheel.py
.venv311/Lib/site-packages/pip/_internal/models/__init__.py,src/kiripto_nova/apps/__init__.py
.venv311/Lib/site-packages/pip/_internal/network/auth.py,src/kiripto_nova/core/auth.py
.venv311/Lib/site-packages/pip/_internal/network/cache.py,src/kiripto_nova/core/cache.py
.venv311/Lib/site-packages/pip/_internal/network/download.py,src/kiripto_nova/core/download.py
.venv311/Lib/site-packages/pip/_internal/network/lazy_wheel.py,src/kiripto_nova/core/lazy_wheel.py
.venv311/Lib/site-packages/pip/_internal/network/session.py,src/kiripto_nova/core/session.py
.venv311/Lib/site-packages/pip/_internal/network/utils.py,src/kiripto_nova/core/utils.py
.venv311/Lib/site-packages/pip/_internal/network/xmlrpc.py,src/kiripto_nova/core/xmlrpc.py
.venv311/Lib/site-packages/pip/_internal/network/__init__.py,src/kiripto_nova/core/__init__.py
.venv311/Lib/site-packages/pip/_internal/operations/check.py,src/kiripto_nova/apps/check.py
.venv311/Lib/site-packages/pip/_internal/operations/freeze.py,src/kiripto_nova/apps/freeze.py
.venv311/Lib/site-packages/pip/_internal/operations/prepare.py,src/kiripto_nova/apps/prepare.py
.venv311/Lib/site-packages/pip/_internal/operations/__init__.py,src/kiripto_nova/apps/__init__.py
.venv311/Lib/site-packages/pip/_internal/req/constructors.py,src/kiripto_nova/apps/constructors.py
.venv311/Lib/site-packages/pip/_internal/req/req_file.py,src/kiripto_nova/apps/req_file.py
.venv311/Lib/site-packages/pip/_internal/req/req_install.py,src/kiripto_nova/apps/req_install.py
.venv311/Lib/site-packages/pip/_internal/req/req_set.py,src/kiripto_nova/apps/req_set.py
.venv311/Lib/site-packages/pip/_internal/req/req_uninstall.py,src/kiripto_nova/apps/req_uninstall.py
.venv311/Lib/site-packages/pip/_internal/req/__init__.py,src/kiripto_nova/apps/__init__.py
.venv311/Lib/site-packages/pip/_internal/resolution/base.py,src/kiripto_nova/apps/base.py
.venv311/Lib/site-packages/pip/_internal/resolution/__init__.py,src/kiripto_nova/apps/__init__.py
.venv311/Lib/site-packages/pip/_internal/utils/appdirs.py,src/kiripto_nova/apps/appdirs.py
.venv311/Lib/site-packages/pip/_internal/utils/compat.py,src/kiripto_nova/apps/compat.py
.venv311/Lib/site-packages/pip/_internal/utils/compatibility_tags.py,src/kiripto_nova/apps/compatibility_tags.py
.venv311/Lib/site-packages/pip/_internal/utils/datetime.py,src/kiripto_nova/apps/datetime.py
.venv311/Lib/site-packages/pip/_internal/utils/deprecation.py,src/kiripto_nova/apps/deprecation.py
.venv311/Lib/site-packages/pip/_internal/utils/direct_url_helpers.py,src/kiripto_nova/apps/direct_url_helpers.py
.venv311/Lib/site-packages/pip/_internal/utils/egg_link.py,src/kiripto_nova/apps/egg_link.py
.venv311/Lib/site-packages/pip/_internal/utils/encoding.py,src/kiripto_nova/apps/encoding.py
.venv311/Lib/site-packages/pip/_internal/utils/entrypoints.py,src/kiripto_nova/apps/entrypoints.py
.venv311/Lib/site-packages/pip/_internal/utils/filesystem.py,src/kiripto_nova/apps/filesystem.py
.venv311/Lib/site-packages/pip/_internal/utils/filetypes.py,src/kiripto_nova/apps/filetypes.py
.venv311/Lib/site-packages/pip/_internal/utils/glibc.py,src/kiripto_nova/apps/glibc.py
.venv311/Lib/site-packages/pip/_internal/utils/hashes.py,src/kiripto_nova/apps/hashes.py
.venv311/Lib/site-packages/pip/_internal/utils/logging.py,src/kiripto_nova/apps/logging.py
.venv311/Lib/site-packages/pip/_internal/utils/misc.py,src/kiripto_nova/apps/misc.py
.venv311/Lib/site-packages/pip/_internal/utils/models.py,src/kiripto_nova/apps/models.py
.venv311/Lib/site-packages/pip/_internal/utils/packaging.py,src/kiripto_nova/apps/packaging.py
.venv311/Lib/site-packages/pip/_internal/utils/setuptools_build.py,src/kiripto_nova/apps/setuptools_build.py
.venv311/Lib/site-packages/pip/_internal/utils/subprocess.py,src/kiripto_nova/apps/subprocess.py
.venv311/Lib/site-packages/pip/_internal/utils/temp_dir.py,src/kiripto_nova/apps/temp_dir.py
.venv311/Lib/site-packages/pip/_internal/utils/unpacking.py,src/kiripto_nova/apps/unpacking.py
.venv311/Lib/site-packages/pip/_internal/utils/urls.py,src/kiripto_nova/apps/urls.py
.venv311/Lib/site-packages/pip/_internal/utils/virtualenv.py,src/kiripto_nova/apps/virtualenv.py
.venv311/Lib/site-packages/pip/_internal/utils/wheel.py,src/kiripto_nova/apps/wheel.py
.venv311/Lib/site-packages/pip/_internal/utils/_jaraco_text.py,src/kiripto_nova/apps/_jaraco_text.py
.venv311/Lib/site-packages/pip/_internal/utils/_log.py,src/kiripto_nova/apps/_log.py
.venv311/Lib/site-packages/pip/_internal/utils/__init__.py,src/kiripto_nova/apps/__init__.py
.venv311/Lib/site-packages/pip/_internal/vcs/bazaar.py,src/kiripto_nova/apps/bazaar.py
.venv311/Lib/site-packages/pip/_internal/vcs/git.py,src/kiripto_nova/apps/git.py
.venv311/Lib/site-packages/pip/_internal/vcs/mercurial.py,src/kiripto_nova/apps/mercurial.py
.venv311/Lib/site-packages/pip/_internal/vcs/subversion.py,src/kiripto_nova/indicators/subversion.py
.venv311/Lib/site-packages/pip/_internal/vcs/versioncontrol.py,src/kiripto_nova/indicators/versioncontrol.py
.venv311/Lib/site-packages/pip/_internal/vcs/__init__.py,src/kiripto_nova/apps/__init__.py
.venv311/Lib/site-packages/pip/_internal/resolution/legacy/resolver.py,src/kiripto_nova/apps/resolver.py
.venv311/Lib/site-packages/pip/_internal/resolution/legacy/__init__.py,src/kiripto_nova/apps/__init__.py
.venv311/Lib/site-packages/pip/_internal/resolution/resolvelib/base.py,src/kiripto_nova/apps/base.py
.venv311/Lib/site-packages/pip/_internal/resolution/resolvelib/candidates.py,src/kiripto_nova/apps/candidates.py
.venv311/Lib/site-packages/pip/_internal/resolution/resolvelib/factory.py,src/kiripto_nova/apps/factory.py
.venv311/Lib/site-packages/pip/_internal/resolution/resolvelib/found_candidates.py,src/kiripto_nova/apps/found_candidates.py
.venv311/Lib/site-packages/pip/_internal/resolution/resolvelib/provider.py,src/kiripto_nova/apps/provider.py
.venv311/Lib/site-packages/pip/_internal/resolution/resolvelib/reporter.py,src/kiripto_nova/apps/reporter.py
.venv311/Lib/site-packages/pip/_internal/resolution/resolvelib/requirements.py,src/kiripto_nova/apps/requirements.py
.venv311/Lib/site-packages/pip/_internal/resolution/resolvelib/resolver.py,src/kiripto_nova/apps/resolver.py
.venv311/Lib/site-packages/pip/_internal/resolution/resolvelib/__init__.py,src/kiripto_nova/apps/__init__.py
.venv311/Lib/site-packages/pip/_internal/operations/install/editable_legacy.py,src/kiripto_nova/apps/editable_legacy.py
.venv311/Lib/site-packages/pip/_internal/operations/install/wheel.py,src/kiripto_nova/apps/wheel.py
.venv311/Lib/site-packages/pip/_internal/operations/install/__init__.py,src/kiripto_nova/apps/__init__.py
.venv311/Lib/site-packages/pip/_internal/metadata/importlib/_compat.py,src/kiripto_nova/data/_compat.py
.venv311/Lib/site-packages/pip/_internal/metadata/importlib/_dists.py,src/kiripto_nova/data/_dists.py
.venv311/Lib/site-packages/pip/_internal/metadata/importlib/_envs.py,src/kiripto_nova/data/_envs.py
.venv311/Lib/site-packages/pip/_internal/metadata/importlib/__init__.py,src/kiripto_nova/data/__init__.py
.pytest_cache/v/__init__.py,src/kiripto_nova/apps/__init__.py
.pytest_cache/v/cache/__init__.py,src/kiripto_nova/apps/__init__.py
